<?xml version="1.0" encoding="UTF-8"?>
<project-private xmlns="http://www.netbeans.org/ns/project-private/1">
    <editor-bookmarks xmlns="http://www.netbeans.org/ns/editor-bookmarks/2" lastBookmarkId="1">
        <file>
            <url>src/MeJu/Game.java</url>
            <bookmark id="1">
                <name/>
                <line>20</line>
                <key/>
            </bookmark>
        </file>
    </editor-bookmarks>
    <open-files xmlns="http://www.netbeans.org/ns/projectui-open-files/2">
        <group>
            <file>file:/C:/Users/alejandro/OneDrive%20-%20Politécnico%20Grancolombiano/Documentos/NetBeansProjects/Grafica/src/MPrincipal/Grafica.java</file>
            <file>file:/C:/Users/alejandro/OneDrive%20-%20Politécnico%20Grancolombiano/Documentos/NetBeansProjects/Grafica/src/Ventanas/War.java</file>
            <file>file:/C:/Users/alejandro/OneDrive%20-%20Politécnico%20Grancolombiano/Documentos/NetBeansProjects/Grafica/src/Ventanas/Power.java</file>
        </group>
    </open-files>
</project-private>
